"temperature","humidity","EventProcessedUtcTime","PartitionId","EventEnqueuedUtcTime","IoTHub__MessageId","IoTHub__CorrelationId","IoTHub__ConnectionDeviceId","IoTHub__ConnectionDeviceGenerationId","IoTHub__EnqueuedTime","IoTHub__StreamId"
"23.91","69.79","2019-05-18T06:52:17.9023723Z","2","2019-05-18T06:52:02.6140000Z","null","null","testdevice","636937240458569050","2019-05-18T06:52:02.6210000Z","null"
"24.86","70.5","2019-05-18T06:52:17.9023723Z","2","2019-05-18T06:52:03.3180000Z","null","null","testdevice","636937240458569050","2019-05-18T06:52:03.3080000Z","null"
"27.5","64.58","2019-05-18T06:52:17.9023723Z","2","2019-05-18T06:52:04.3180000Z","null","null","testdevice","636937240458569050","2019-05-18T06:52:04.3080000Z","null"
"26.67","75.82","2019-05-18T06:52:17.9023723Z","2","2019-05-18T06:52:05.3180000Z","null","null","testdevice","636937240458569050","2019-05-18T06:52:05.3080000Z","null"
"20.12","62.68","2019-05-18T06:52:17.9023723Z","2","2019-05-18T06:52:06.3180000Z","null","null","testdevice","636937240458569050","2019-05-18T06:52:06.3080000Z","null"
"29.58","74.62","2019-05-18T06:52:17.9023723Z","2","2019-05-18T06:52:07.3340000Z","null","null","testdevice","636937240458569050","2019-05-18T06:52:07.3290000Z","null"
"20.9","67.54","2019-05-18T06:52:17.9023723Z","2","2019-05-18T06:52:08.3200000Z","null","null","testdevice","636937240458569050","2019-05-18T06:52:08.3130000Z","null"
"29.39","70.52","2019-05-18T06:52:17.9023723Z","2","2019-05-18T06:52:09.3200000Z","null","null","testdevice","636937240458569050","2019-05-18T06:52:09.3140000Z","null"
"26.32","78.06","2019-05-18T06:52:17.9033781Z","2","2019-05-18T06:52:10.3210000Z","null","null","testdevice","636937240458569050","2019-05-18T06:52:10.3130000Z","null"
"26.81","65.11","2019-05-18T06:52:17.9033781Z","2","2019-05-18T06:52:11.3210000Z","null","null","testdevice","636937240458569050","2019-05-18T06:52:11.3290000Z","null"
"29.28","65.98","2019-05-18T06:52:17.9033781Z","2","2019-05-18T06:52:12.3210000Z","null","null","testdevice","636937240458569050","2019-05-18T06:52:12.3290000Z","null"
"24.79","66.62","2019-05-18T06:52:17.9033781Z","2","2019-05-18T06:52:13.3210000Z","null","null","testdevice","636937240458569050","2019-05-18T06:52:13.3290000Z","null"
"32.93","78.54","2019-05-18T06:52:17.9033781Z","2","2019-05-18T06:52:14.3380000Z","null","null","testdevice","636937240458569050","2019-05-18T06:52:14.3290000Z","null"
"33.52","66.38","2019-05-18T06:52:17.9033781Z","2","2019-05-18T06:52:15.3390000Z","null","null","testdevice","636937240458569050","2019-05-18T06:52:15.3290000Z","null"
"33.18","66.6","2019-05-18T06:52:17.9033781Z","2","2019-05-18T06:52:16.3390000Z","null","null","testdevice","636937240458569050","2019-05-18T06:52:16.3290000Z","null"
"33.21","69.01","2019-05-18T06:52:17.9033781Z","2","2019-05-18T06:52:17.3390000Z","null","null","testdevice","636937240458569050","2019-05-18T06:52:17.3290000Z","null"
"27.52","74.23","2019-05-18T06:52:18.4704056Z","2","2019-05-18T06:52:18.3390000Z","null","null","testdevice","636937240458569050","2019-05-18T06:52:18.3290000Z","null"
"29.48","73.08","2019-05-18T06:52:19.5124585Z","2","2019-05-18T06:52:19.3390000Z","null","null","testdevice","636937240458569050","2019-05-18T06:52:19.3290000Z","null"
"28.15","63.95","2019-05-18T06:52:20.4284875Z","2","2019-05-18T06:52:20.3400000Z","null","null","testdevice","636937240458569050","2019-05-18T06:52:20.3450000Z","null"
"21.68","60.56","2019-05-18T06:52:21.4415436Z","2","2019-05-18T06:52:21.3400000Z","null","null","testdevice","636937240458569050","2019-05-18T06:52:21.3450000Z","null"
"33.24","64.4","2019-05-18T06:52:22.4576595Z","2","2019-05-18T06:52:22.3400000Z","null","null","testdevice","636937240458569050","2019-05-18T06:52:22.3450000Z","null"
"21.19","69.59","2019-05-18T06:52:23.4766626Z","2","2019-05-18T06:52:23.3410000Z","null","null","testdevice","636937240458569050","2019-05-18T06:52:23.3450000Z","null"
"27.46","67.56","2019-05-18T06:52:24.4956585Z","2","2019-05-18T06:52:24.3560000Z","null","null","testdevice","636937240458569050","2019-05-18T06:52:24.3450000Z","null"
"29.93","62.76","2019-05-18T06:52:25.4097298Z","2","2019-05-18T06:52:25.3720000Z","null","null","testdevice","636937240458569050","2019-05-18T06:52:25.3620000Z","null"
"31.23","60.84","2019-05-18T06:52:26.4297436Z","2","2019-05-18T06:52:26.3560000Z","null","null","testdevice","636937240458569050","2019-05-18T06:52:26.3460000Z","null"
"27.55","64.75","2019-05-18T06:52:27.4497773Z","2","2019-05-18T06:52:27.3560000Z","null","null","testdevice","636937240458569050","2019-05-18T06:52:27.3460000Z","null"
"26.35","62.04","2019-05-18T06:52:28.4708346Z","2","2019-05-18T06:52:28.3570000Z","null","null","testdevice","636937240458569050","2019-05-18T06:52:28.3460000Z","null"
"20.88","73.69","2019-05-18T06:52:29.3868662Z","2","2019-05-18T06:52:29.3580000Z","null","null","testdevice","636937240458569050","2019-05-18T06:52:29.3460000Z","null"
"23.71","61.6","2019-05-18T06:52:30.4009048Z","2","2019-05-18T06:52:30.3580000Z","null","null","testdevice","636937240458569050","2019-05-18T06:52:30.3620000Z","null"
"31.45","74.84","2019-05-18T06:52:31.4179499Z","2","2019-05-18T06:52:31.3580000Z","null","null","testdevice","636937240458569050","2019-05-18T06:52:31.3620000Z","null"
"29.43","60.86","2019-05-18T06:52:32.4380055Z","2","2019-05-18T06:52:32.3580000Z","null","null","testdevice","636937240458569050","2019-05-18T06:52:32.3620000Z","null"
"22.6","75.05","2019-05-18T06:52:33.4560372Z","2","2019-05-18T06:52:33.3590000Z","null","null","testdevice","636937240458569050","2019-05-18T06:52:33.3620000Z","null"
"32.7","60.88","2019-05-18T06:52:34.4750784Z","2","2019-05-18T06:52:34.3910000Z","null","null","testdevice","636937240458569050","2019-05-18T06:52:34.3930000Z","null"
"22.16","72.49","2019-05-18T06:52:35.4952170Z","2","2019-05-18T06:52:35.3610000Z","null","null","testdevice","636937240458569050","2019-05-18T06:52:35.3620000Z","null"
"32.85","70.66","2019-05-18T06:52:36.4121549Z","2","2019-05-18T06:52:36.3610000Z","null","null","testdevice","636937240458569050","2019-05-18T06:52:36.3620000Z","null"
"32.75","78.71","2019-05-18T06:52:37.4282173Z","2","2019-05-18T06:52:37.3770000Z","null","null","testdevice","636937240458569050","2019-05-18T06:52:37.3620000Z","null"
"30.31","74.85","2019-05-18T06:52:38.4422541Z","2","2019-05-18T06:52:38.3770000Z","null","null","testdevice","636937240458569050","2019-05-18T06:52:38.3620000Z","null"
"21.44","67.34","2019-05-18T06:52:39.4602818Z","2","2019-05-18T06:52:39.3780000Z","null","null","testdevice","636937240458569050","2019-05-18T06:52:39.3620000Z","null"
"22.72","72.79","2019-05-18T06:52:40.4763386Z","2","2019-05-18T06:52:40.3780000Z","null","null","testdevice","636937240458569050","2019-05-18T06:52:40.3770000Z","null"
"29.88","64.67","2019-05-18T06:52:41.4923702Z","2","2019-05-18T06:52:41.3780000Z","null","null","testdevice","636937240458569050","2019-05-18T06:52:41.3770000Z","null"
"34.3","61.8","2019-05-18T06:52:42.4094083Z","2","2019-05-18T06:52:42.3780000Z","null","null","testdevice","636937240458569050","2019-05-18T06:52:42.3780000Z","null"
"24.03","67.01","2019-05-18T06:52:43.4324449Z","2","2019-05-18T06:52:43.3780000Z","null","null","testdevice","636937240458569050","2019-05-18T06:52:43.3790000Z","null"
"34.69","75.18","2019-05-18T06:52:44.4514869Z","2","2019-05-18T06:52:44.3780000Z","null","null","testdevice","636937240458569050","2019-05-18T06:52:44.3790000Z","null"
"27.66","71.87","2019-05-18T06:52:45.4675506Z","2","2019-05-18T06:52:45.3780000Z","null","null","testdevice","636937240458569050","2019-05-18T06:52:45.3790000Z","null"
"30.0","69.59","2019-05-18T06:52:46.4855816Z","2","2019-05-18T06:52:46.3780000Z","null","null","testdevice","636937240458569050","2019-05-18T06:52:46.3790000Z","null"
"22.52","73.47","2019-05-18T06:52:47.5006120Z","2","2019-05-18T06:52:47.3930000Z","null","null","testdevice","636937240458569050","2019-05-18T06:52:47.3790000Z","null"
"32.47","78.58","2019-05-18T06:52:48.4156558Z","2","2019-05-18T06:52:48.3950000Z","null","null","testdevice","636937240458569050","2019-05-18T06:52:48.3790000Z","null"
"28.88","67.21","2019-05-18T06:52:49.4326957Z","2","2019-05-18T06:52:49.3950000Z","null","null","testdevice","636937240458569050","2019-05-18T06:52:49.3810000Z","null"
"31.15","73.39","2019-05-18T06:52:50.4497373Z","2","2019-05-18T06:52:50.3960000Z","null","null","testdevice","636937240458569050","2019-05-18T06:52:50.3810000Z","null"
"23.95","73.67","2019-05-18T06:52:51.4677728Z","2","2019-05-18T06:52:51.3960000Z","null","null","testdevice","636937240458569050","2019-05-18T06:52:51.3960000Z","null"
"31.43","64.21","2019-05-18T06:52:52.4858322Z","2","2019-05-18T06:52:52.3960000Z","null","null","testdevice","636937240458569050","2019-05-18T06:52:52.3960000Z","null"
"33.62","77.53","2019-05-18T06:52:53.5038829Z","2","2019-05-18T06:52:53.3970000Z","null","null","testdevice","636937240458569050","2019-05-18T06:52:53.3960000Z","null"
"33.25","74.74","2019-05-18T06:52:54.5219102Z","2","2019-05-18T06:52:54.3970000Z","null","null","testdevice","636937240458569050","2019-05-18T06:52:54.3960000Z","null"
"29.58","74.41","2019-05-18T06:52:55.4369342Z","2","2019-05-18T06:52:55.3970000Z","null","null","testdevice","636937240458569050","2019-05-18T06:52:55.3960000Z","null"
"28.97","65.36","2019-05-18T06:52:56.4551910Z","2","2019-05-18T06:52:56.3970000Z","null","null","testdevice","636937240458569050","2019-05-18T06:52:56.3960000Z","null"
"29.13","75.44","2019-05-18T06:52:57.4770227Z","2","2019-05-18T06:52:57.3970000Z","null","null","testdevice","636937240458569050","2019-05-18T06:52:57.3960000Z","null"
"30.94","62.78","2019-05-18T06:52:58.4900684Z","2","2019-05-18T06:52:58.3970000Z","null","null","testdevice","636937240458569050","2019-05-18T06:52:58.3960000Z","null"
"34.13","69.65","2019-05-18T06:52:59.5131450Z","2","2019-05-18T06:52:59.4120000Z","null","null","testdevice","636937240458569050","2019-05-18T06:52:59.3960000Z","null"
"33.83","60.74","2019-05-18T06:53:00.5301492Z","2","2019-05-18T06:53:00.4120000Z","null","null","testdevice","636937240458569050","2019-05-18T06:53:00.4120000Z","null"
"25.6","74.43","2019-05-18T06:53:01.4502330Z","2","2019-05-18T06:53:01.4130000Z","null","null","testdevice","636937240458569050","2019-05-18T06:53:01.4120000Z","null"
"28.53","68.9","2019-05-18T06:53:02.4662268Z","2","2019-05-18T06:53:02.4150000Z","null","null","testdevice","636937240458569050","2019-05-18T06:53:02.4130000Z","null"
"26.87","79.37","2019-05-18T06:53:03.4913007Z","2","2019-05-18T06:53:03.4150000Z","null","null","testdevice","636937240458569050","2019-05-18T06:53:03.4140000Z","null"
"25.37","74.49","2019-05-18T06:53:04.5103075Z","2","2019-05-18T06:53:04.4150000Z","null","null","testdevice","636937240458569050","2019-05-18T06:53:04.4140000Z","null"
"26.2","76.95","2019-05-18T06:53:05.5313570Z","2","2019-05-18T06:53:05.4310000Z","null","null","testdevice","636937240458569050","2019-05-18T06:53:05.4150000Z","null"
"26.44","62.98","2019-05-18T06:53:06.5524029Z","2","2019-05-18T06:53:06.4150000Z","null","null","testdevice","636937240458569050","2019-05-18T06:53:06.4150000Z","null"
"31.6","78.98","2019-05-18T06:53:07.5704404Z","2","2019-05-18T06:53:07.4160000Z","null","null","testdevice","636937240458569050","2019-05-18T06:53:07.4150000Z","null"
"31.4","73.6","2019-05-18T06:53:08.4844830Z","2","2019-05-18T06:53:08.4160000Z","null","null","testdevice","636937240458569050","2019-05-18T06:53:08.4150000Z","null"
"27.2","64.99","2019-05-18T06:53:09.5015199Z","2","2019-05-18T06:53:09.4320000Z","null","null","testdevice","636937240458569050","2019-05-18T06:53:09.4150000Z","null"
"27.19","78.34","2019-05-18T06:53:10.5199833Z","2","2019-05-18T06:53:10.4160000Z","null","null","testdevice","636937240458569050","2019-05-18T06:53:10.4250000Z","null"
"23.94","63.04","2019-05-18T06:53:11.5380363Z","2","2019-05-18T06:53:11.4320000Z","null","null","testdevice","636937240458569050","2019-05-18T06:53:11.4330000Z","null"
"20.05","74.84","2019-05-18T06:53:12.5540917Z","2","2019-05-18T06:53:12.4310000Z","null","null","testdevice","636937240458569050","2019-05-18T06:53:12.4330000Z","null"
"33.87","79.02","2019-05-18T06:53:13.5691222Z","2","2019-05-18T06:53:13.4480000Z","null","null","testdevice","636937240458569050","2019-05-18T06:53:13.4480000Z","null"
"34.33","63.08","2019-05-18T06:53:14.5001368Z","2","2019-05-18T06:53:14.4320000Z","null","null","testdevice","636937240458569050","2019-05-18T06:53:14.4330000Z","null"
"30.89","72.41","2019-05-18T06:53:15.5191855Z","2","2019-05-18T06:53:15.4340000Z","null","null","testdevice","636937240458569050","2019-05-18T06:53:15.4370000Z","null"
"30.88","60.99","2019-05-18T06:53:16.5402442Z","2","2019-05-18T06:53:16.4350000Z","null","null","testdevice","636937240458569050","2019-05-18T06:53:16.4370000Z","null"
"31.22","70.45","2019-05-18T06:53:17.5553077Z","2","2019-05-18T06:53:17.4350000Z","null","null","testdevice","636937240458569050","2019-05-18T06:53:17.4370000Z","null"
"20.49","78.07","2019-05-18T06:53:18.4733014Z","2","2019-05-18T06:53:18.4350000Z","null","null","testdevice","636937240458569050","2019-05-18T06:53:18.4370000Z","null"
"32.22","72.71","2019-05-18T06:53:19.4883469Z","2","2019-05-18T06:53:19.4360000Z","null","null","testdevice","636937240458569050","2019-05-18T06:53:19.4370000Z","null"
"29.64","60.83","2019-05-18T06:53:20.5134276Z","2","2019-05-18T06:53:20.4510000Z","null","null","testdevice","636937240458569050","2019-05-18T06:53:20.4370000Z","null"
"22.23","68.71","2019-05-18T06:53:21.5304254Z","2","2019-05-18T06:53:21.4510000Z","null","null","testdevice","636937240458569050","2019-05-18T06:53:21.4380000Z","null"
"27.74","74.02","2019-05-18T06:53:22.5474841Z","2","2019-05-18T06:53:22.4520000Z","null","null","testdevice","636937240458569050","2019-05-18T06:53:22.4380000Z","null"
"20.03","69.84","2019-05-18T06:53:23.5635485Z","2","2019-05-18T06:53:23.4520000Z","null","null","testdevice","636937240458569050","2019-05-18T06:53:23.4380000Z","null"
"23.85","60.06","2019-05-18T06:53:24.4835535Z","2","2019-05-18T06:53:24.4520000Z","null","null","testdevice","636937240458569050","2019-05-18T06:53:24.4380000Z","null"
"34.06","73.17","2019-05-18T06:53:25.5016002Z","2","2019-05-18T06:53:25.4520000Z","null","null","testdevice","636937240458569050","2019-05-18T06:53:25.4530000Z","null"
"32.83","73.21","2019-05-18T06:53:26.5206296Z","2","2019-05-18T06:53:26.4530000Z","null","null","testdevice","636937240458569050","2019-05-18T06:53:26.4540000Z","null"
"27.45","78.02","2019-05-18T06:53:27.5367085Z","2","2019-05-18T06:53:27.4530000Z","null","null","testdevice","636937240458569050","2019-05-18T06:53:27.4540000Z","null"
"24.89","74.25","2019-05-18T06:53:28.5527136Z","2","2019-05-18T06:53:28.4530000Z","null","null","testdevice","636937240458569050","2019-05-18T06:53:28.4540000Z","null"
"34.77","70.91","2019-05-18T06:53:29.5687534Z","2","2019-05-18T06:53:29.4530000Z","null","null","testdevice","636937240458569050","2019-05-18T06:53:29.4540000Z","null"
"31.07","62.16","2019-05-18T06:53:30.5848083Z","2","2019-05-18T06:53:30.4690000Z","null","null","testdevice","636937240458569050","2019-05-18T06:53:30.4690000Z","null"
"28.16","64.58","2019-05-18T06:53:31.5008248Z","2","2019-05-18T06:53:31.4690000Z","null","null","testdevice","636937240458569050","2019-05-18T06:53:31.4560000Z","null"
"25.84","62.5","2019-05-18T06:53:32.5168864Z","2","2019-05-18T06:53:32.4690000Z","null","null","testdevice","636937240458569050","2019-05-18T06:53:32.4560000Z","null"
"31.53","78.17","2019-05-18T06:53:33.5319587Z","2","2019-05-18T06:53:33.4690000Z","null","null","testdevice","636937240458569050","2019-05-18T06:53:33.4580000Z","null"
"28.39","61.96","2019-05-18T06:53:34.5519623Z","2","2019-05-18T06:53:34.4690000Z","null","null","testdevice","636937240458569050","2019-05-18T06:53:34.4580000Z","null"
"25.27","70.74","2019-05-18T06:53:35.5734085Z","2","2019-05-18T06:53:35.4700000Z","null","null","testdevice","636937240458569050","2019-05-18T06:53:35.4580000Z","null"
"29.34","61.33","2019-05-18T06:53:36.5864822Z","2","2019-05-18T06:53:36.4700000Z","null","null","testdevice","636937240458569050","2019-05-18T06:53:36.4740000Z","null"
"33.75","61.65","2019-05-18T06:53:37.5054815Z","2","2019-05-18T06:53:37.4700000Z","null","null","testdevice","636937240458569050","2019-05-18T06:53:37.4740000Z","null"
"25.15","68.7","2019-05-18T06:53:38.5215266Z","2","2019-05-18T06:53:38.4700000Z","null","null","testdevice","636937240458569050","2019-05-18T06:53:38.4740000Z","null"
"25.01","69.51","2019-05-18T06:53:39.5405816Z","2","2019-05-18T06:53:39.4700000Z","null","null","testdevice","636937240458569050","2019-05-18T06:53:39.4740000Z","null"
"33.0","70.63","2019-05-18T06:53:40.5576222Z","2","2019-05-18T06:53:40.4860000Z","null","null","testdevice","636937240458569050","2019-05-18T06:53:40.4740000Z","null"
"31.39","71.43","2019-05-18T06:53:41.5806489Z","2","2019-05-18T06:53:41.4860000Z","null","null","testdevice","636937240458569050","2019-05-18T06:53:41.4740000Z","null"
"33.51","68.64","2019-05-18T06:53:42.5987365Z","2","2019-05-18T06:53:42.4860000Z","null","null","testdevice","636937240458569050","2019-05-18T06:53:42.4740000Z","null"
"32.22","62.49","2019-05-18T06:53:43.6207316Z","2","2019-05-18T06:53:43.4870000Z","null","null","testdevice","636937240458569050","2019-05-18T06:53:43.4740000Z","null"
"20.71","73.38","2019-05-18T06:53:44.5397713Z","2","2019-05-18T06:53:44.4870000Z","null","null","testdevice","636937240458569050","2019-05-18T06:53:44.4740000Z","null"
"27.91","64.49","2019-05-18T06:53:45.5548489Z","2","2019-05-18T06:53:45.4870000Z","null","null","testdevice","636937240458569050","2019-05-18T06:53:45.4740000Z","null"
"25.95","75.55","2019-05-18T06:53:46.5698658Z","2","2019-05-18T06:53:46.4870000Z","null","null","testdevice","636937240458569050","2019-05-18T06:53:46.4890000Z","null"
"31.07","75.87","2019-05-18T06:53:47.5859323Z","2","2019-05-18T06:53:47.4880000Z","null","null","testdevice","636937240458569050","2019-05-18T06:53:47.4890000Z","null"
"32.66","64.73","2019-05-18T06:53:48.6029431Z","2","2019-05-18T06:53:48.4880000Z","null","null","testdevice","636937240458569050","2019-05-18T06:53:48.4890000Z","null"
"34.71","75.85","2019-05-18T06:53:49.5230068Z","2","2019-05-18T06:53:49.4890000Z","null","null","testdevice","636937240458569050","2019-05-18T06:53:49.4890000Z","null"
"28.74","78.21","2019-05-18T06:53:50.5420137Z","2","2019-05-18T06:53:50.4890000Z","null","null","testdevice","636937240458569050","2019-05-18T06:53:50.4890000Z","null"
"31.72","64.09","2019-05-18T06:53:51.5770633Z","2","2019-05-18T06:53:51.5050000Z","null","null","testdevice","636937240458569050","2019-05-18T06:53:51.4890000Z","null"
"28.42","77.01","2019-05-18T06:53:52.6011302Z","2","2019-05-18T06:53:52.5050000Z","null","null","testdevice","636937240458569050","2019-05-18T06:53:52.4890000Z","null"
"25.09","70.18","2019-05-18T06:53:53.5326119Z","2","2019-05-18T06:53:53.5050000Z","null","null","testdevice","636937240458569050","2019-05-18T06:53:53.5050000Z","null"
"32.37","66.46","2019-05-18T06:53:54.5507376Z","2","2019-05-18T06:53:54.5050000Z","null","null","testdevice","636937240458569050","2019-05-18T06:53:54.4890000Z","null"
"21.17","78.86","2019-05-18T06:53:55.5703004Z","2","2019-05-18T06:53:55.5050000Z","null","null","testdevice","636937240458569050","2019-05-18T06:53:55.5050000Z","null"
"27.79","73.02","2019-05-18T06:53:56.5861406Z","2","2019-05-18T06:53:56.5050000Z","null","null","testdevice","636937240458569050","2019-05-18T06:53:56.5050000Z","null"
"26.87","75.06","2019-05-18T06:53:57.6004252Z","2","2019-05-18T06:53:57.5050000Z","null","null","testdevice","636937240458569050","2019-05-18T06:53:57.5050000Z","null"
"30.58","67.96","2019-05-18T06:53:58.6184163Z","2","2019-05-18T06:53:58.5050000Z","null","null","testdevice","636937240458569050","2019-05-18T06:53:58.5050000Z","null"
"20.16","76.74","2019-05-18T06:53:59.5354110Z","2","2019-05-18T06:53:59.5060000Z","null","null","testdevice","636937240458569050","2019-05-18T06:53:59.5050000Z","null"
"20.76","76.09","2019-05-18T06:54:00.5543892Z","2","2019-05-18T06:54:00.5060000Z","null","null","testdevice","636937240458569050","2019-05-18T06:54:00.5050000Z","null"
"29.32","73.01","2019-05-18T06:54:01.5744641Z","2","2019-05-18T06:54:01.5060000Z","null","null","testdevice","636937240458569050","2019-05-18T06:54:01.5050000Z","null"
"22.84","69.23","2019-05-18T06:54:02.5914811Z","2","2019-05-18T06:54:02.5220000Z","null","null","testdevice","636937240458569050","2019-05-18T06:54:02.5060000Z","null"
"27.62","63.0","2019-05-18T06:54:03.6205506Z","2","2019-05-18T06:54:03.5220000Z","null","null","testdevice","636937240458569050","2019-05-18T06:54:03.5060000Z","null"
"31.45","79.66","2019-05-18T06:54:04.6382024Z","2","2019-05-18T06:54:04.5240000Z","null","null","testdevice","636937240458569050","2019-05-18T06:54:04.5060000Z","null"
"25.97","71.57","2019-05-18T06:54:05.5542471Z","2","2019-05-18T06:54:05.5240000Z","null","null","testdevice","636937240458569050","2019-05-18T06:54:05.5120000Z","null"
"32.09","76.74","2019-05-18T06:54:06.5752620Z","2","2019-05-18T06:54:06.5240000Z","null","null","testdevice","636937240458569050","2019-05-18T06:54:06.5120000Z","null"
"24.99","77.85","2019-05-18T06:54:07.5933076Z","2","2019-05-18T06:54:07.5240000Z","null","null","testdevice","636937240458569050","2019-05-18T06:54:07.5120000Z","null"
"25.43","74.56","2019-05-18T06:54:08.6103562Z","2","2019-05-18T06:54:08.5250000Z","null","null","testdevice","636937240458569050","2019-05-18T06:54:08.5270000Z","null"
"22.73","69.53","2019-05-18T06:54:09.6263818Z","2","2019-05-18T06:54:09.5260000Z","null","null","testdevice","636937240458569050","2019-05-18T06:54:09.5270000Z","null"
"20.36","61.66","2019-05-18T06:54:10.6464152Z","2","2019-05-18T06:54:10.5260000Z","null","null","testdevice","636937240458569050","2019-05-18T06:54:10.5270000Z","null"
"26.93","79.38","2019-05-18T06:54:11.5624585Z","2","2019-05-18T06:54:11.5260000Z","null","null","testdevice","636937240458569050","2019-05-18T06:54:11.5270000Z","null"
"29.36","77.65","2019-05-18T06:54:12.5855157Z","2","2019-05-18T06:54:12.5420000Z","null","null","testdevice","636937240458569050","2019-05-18T06:54:12.5270000Z","null"
"33.98","64.88","2019-05-18T06:54:13.7065491Z","2","2019-05-18T06:54:13.5890000Z","null","null","testdevice","636937240458569050","2019-05-18T06:54:13.5900000Z","null"
"21.8","60.03","2019-05-18T06:54:14.6245688Z","2","2019-05-18T06:54:14.5420000Z","null","null","testdevice","636937240458569050","2019-05-18T06:54:14.5270000Z","null"
"33.72","79.58","2019-05-18T06:54:15.6446227Z","2","2019-05-18T06:54:15.5420000Z","null","null","testdevice","636937240458569050","2019-05-18T06:54:15.5270000Z","null"
"30.93","65.64","2019-05-18T06:54:16.6636653Z","2","2019-05-18T06:54:16.5420000Z","null","null","testdevice","636937240458569050","2019-05-18T06:54:16.5270000Z","null"
"26.97","61.43","2019-05-18T06:54:17.5786738Z","2","2019-05-18T06:54:17.5430000Z","null","null","testdevice","636937240458569050","2019-05-18T06:54:17.5430000Z","null"
"29.55","62.1","2019-05-18T06:54:18.6007120Z","2","2019-05-18T06:54:18.5430000Z","null","null","testdevice","636937240458569050","2019-05-18T06:54:18.5430000Z","null"
"30.13","63.23","2019-05-18T06:54:19.6198055Z","2","2019-05-18T06:54:19.5440000Z","null","null","testdevice","636937240458569050","2019-05-18T06:54:19.5450000Z","null"
"29.0","60.22","2019-05-18T06:54:20.6428316Z","2","2019-05-18T06:54:20.5440000Z","null","null","testdevice","636937240458569050","2019-05-18T06:54:20.5430000Z","null"
"31.16","60.85","2019-05-18T06:54:21.6632870Z","2","2019-05-18T06:54:21.5440000Z","null","null","testdevice","636937240458569050","2019-05-18T06:54:21.5430000Z","null"
"24.92","78.69","2019-05-18T06:54:22.5772805Z","2","2019-05-18T06:54:22.5440000Z","null","null","testdevice","636937240458569050","2019-05-18T06:54:22.5430000Z","null"
"22.77","60.17","2019-05-18T06:54:23.5932650Z","2","2019-05-18T06:54:23.5600000Z","null","null","testdevice","636937240458569050","2019-05-18T06:54:23.5430000Z","null"
"29.64","74.07","2019-05-18T06:54:24.6206286Z","2","2019-05-18T06:54:24.5600000Z","null","null","testdevice","636937240458569050","2019-05-18T06:54:24.5430000Z","null"
"33.06","64.96","2019-05-18T06:54:25.6386647Z","2","2019-05-18T06:54:25.5600000Z","null","null","testdevice","636937240458569050","2019-05-18T06:54:25.5430000Z","null"
"32.47","78.18","2019-05-18T06:54:26.6567368Z","2","2019-05-18T06:54:26.5610000Z","null","null","testdevice","636937240458569050","2019-05-18T06:54:26.5590000Z","null"
"27.82","63.16","2019-05-18T06:54:27.6708180Z","2","2019-05-18T06:54:27.5610000Z","null","null","testdevice","636937240458569050","2019-05-18T06:54:27.5590000Z","null"
"31.81","63.42","2019-05-18T06:54:28.5967742Z","2","2019-05-18T06:54:28.5610000Z","null","null","testdevice","636937240458569050","2019-05-18T06:54:28.5590000Z","null"
"23.75","77.3","2019-05-18T06:54:29.6208277Z","2","2019-05-18T06:54:29.5610000Z","null","null","testdevice","636937240458569050","2019-05-18T06:54:29.5590000Z","null"
"20.21","79.52","2019-05-18T06:54:30.6378617Z","2","2019-05-18T06:54:30.5610000Z","null","null","testdevice","636937240458569050","2019-05-18T06:54:30.5600000Z","null"
"24.51","66.32","2019-05-18T06:54:31.6579414Z","2","2019-05-18T06:54:31.5610000Z","null","null","testdevice","636937240458569050","2019-05-18T06:54:31.5600000Z","null"
"32.25","76.66","2019-05-18T06:54:32.6759449Z","2","2019-05-18T06:54:32.5610000Z","null","null","testdevice","636937240458569050","2019-05-18T06:54:32.5600000Z","null"
"21.83","71.5","2019-05-18T06:54:33.6909833Z","2","2019-05-18T06:54:33.5620000Z","null","null","testdevice","636937240458569050","2019-05-18T06:54:33.5600000Z","null"
"31.74","61.78","2019-05-18T06:54:34.6100454Z","2","2019-05-18T06:54:34.5780000Z","null","null","testdevice","636937240458569050","2019-05-18T06:54:34.5600000Z","null"
"27.5","65.48","2019-05-18T06:54:35.6260674Z","2","2019-05-18T06:54:35.5780000Z","null","null","testdevice","636937240458569050","2019-05-18T06:54:35.5600000Z","null"
"32.22","68.1","2019-05-18T06:54:36.6420962Z","2","2019-05-18T06:54:36.5780000Z","null","null","testdevice","636937240458569050","2019-05-18T06:54:36.5600000Z","null"
"33.52","64.74","2019-05-18T06:54:37.6621418Z","2","2019-05-18T06:54:37.5780000Z","null","null","testdevice","636937240458569050","2019-05-18T06:54:37.5760000Z","null"
"27.42","67.78","2019-05-18T06:54:38.6792029Z","2","2019-05-18T06:54:38.5780000Z","null","null","testdevice","636937240458569050","2019-05-18T06:54:38.5760000Z","null"
"34.28","71.83","2019-05-18T06:54:39.6952095Z","2","2019-05-18T06:54:39.5790000Z","null","null","testdevice","636937240458569050","2019-05-18T06:54:39.5760000Z","null"
"25.04","77.14","2019-05-18T06:54:40.6102558Z","2","2019-05-18T06:54:40.5790000Z","null","null","testdevice","636937240458569050","2019-05-18T06:54:40.5760000Z","null"
"22.48","63.16","2019-05-18T06:54:41.6242913Z","2","2019-05-18T06:54:41.5790000Z","null","null","testdevice","636937240458569050","2019-05-18T06:54:41.5760000Z","null"
"29.77","72.39","2019-05-18T06:54:42.6413382Z","2","2019-05-18T06:54:42.5810000Z","null","null","testdevice","636937240458569050","2019-05-18T06:54:42.5760000Z","null"
"30.43","65.86","2019-05-18T06:54:43.6590113Z","2","2019-05-18T06:54:43.5810000Z","null","null","testdevice","636937240458569050","2019-05-18T06:54:43.5760000Z","null"
"20.43","78.99","2019-05-18T06:54:44.6772406Z","2","2019-05-18T06:54:44.5970000Z","null","null","testdevice","636937240458569050","2019-05-18T06:54:44.5920000Z","null"
"28.83","69.21","2019-05-18T06:54:45.6941120Z","2","2019-05-18T06:54:45.5970000Z","null","null","testdevice","636937240458569050","2019-05-18T06:54:45.5920000Z","null"
"29.52","61.07","2019-05-18T06:54:46.7121694Z","2","2019-05-18T06:54:46.5970000Z","null","null","testdevice","636937240458569050","2019-05-18T06:54:46.5930000Z","null"
"22.88","80.0","2019-05-18T06:54:47.6331634Z","2","2019-05-18T06:54:47.5970000Z","null","null","testdevice","636937240458569050","2019-05-18T06:54:47.5930000Z","null"
"29.28","65.27","2019-05-18T06:54:48.6502179Z","2","2019-05-18T06:54:48.5970000Z","null","null","testdevice","636937240458569050","2019-05-18T06:54:48.5930000Z","null"
"26.57","71.61","2019-05-18T06:54:49.6692469Z","2","2019-05-18T06:54:49.5970000Z","null","null","testdevice","636937240458569050","2019-05-18T06:54:49.5930000Z","null"
"27.17","72.95","2019-05-18T06:54:50.6853049Z","2","2019-05-18T06:54:50.5970000Z","null","null","testdevice","636937240458569050","2019-05-18T06:54:50.5930000Z","null"
"22.46","70.14","2019-05-18T06:54:51.7003280Z","2","2019-05-18T06:54:51.5970000Z","null","null","testdevice","636937240458569050","2019-05-18T06:54:51.5930000Z","null"
"30.03","71.03","2019-05-18T06:54:52.7143728Z","2","2019-05-18T06:54:52.5970000Z","null","null","testdevice","636937240458569050","2019-05-18T06:54:52.5930000Z","null"
"28.38","72.04","2019-05-18T06:54:53.7284662Z","2","2019-05-18T06:54:53.6130000Z","null","null","testdevice","636937240458569050","2019-05-18T06:54:53.5930000Z","null"
"31.16","75.99","2019-05-18T06:54:54.6424570Z","2","2019-05-18T06:54:54.5970000Z","null","null","testdevice","636937240458569050","2019-05-18T06:54:54.5930000Z","null"
"32.18","79.12","2019-05-18T06:54:55.6614809Z","2","2019-05-18T06:54:55.6140000Z","null","null","testdevice","636937240458569050","2019-05-18T06:54:55.6080000Z","null"
"25.57","63.59","2019-05-18T06:54:56.6805657Z","2","2019-05-18T06:54:56.5990000Z","null","null","testdevice","636937240458569050","2019-05-18T06:54:56.5930000Z","null"
"26.06","60.08","2019-05-18T06:54:57.6955662Z","2","2019-05-18T06:54:57.6160000Z","null","null","testdevice","636937240458569050","2019-05-18T06:54:57.6080000Z","null"
"30.02","72.65","2019-05-18T06:54:58.7146109Z","2","2019-05-18T06:54:58.6160000Z","null","null","testdevice","636937240458569050","2019-05-18T06:54:58.6240000Z","null"
"26.61","64.55","2019-05-18T06:54:59.7356572Z","2","2019-05-18T06:54:59.6160000Z","null","null","testdevice","636937240458569050","2019-05-18T06:54:59.6100000Z","null"
"33.56","77.23","2019-05-18T06:55:00.6536775Z","2","2019-05-18T06:55:00.6160000Z","null","null","testdevice","636937240458569050","2019-05-18T06:55:00.6100000Z","null"
"26.52","72.87","2019-05-18T06:55:01.6727328Z","2","2019-05-18T06:55:01.6160000Z","null","null","testdevice","636937240458569050","2019-05-18T06:55:01.6100000Z","null"
"34.92","76.63","2019-05-18T06:55:02.6887602Z","2","2019-05-18T06:55:02.6180000Z","null","null","testdevice","636937240458569050","2019-05-18T06:55:02.6120000Z","null"
"31.3","65.64","2019-05-18T06:55:03.7039374Z","2","2019-05-18T06:55:03.6180000Z","null","null","testdevice","636937240458569050","2019-05-18T06:55:03.6120000Z","null"
"26.55","60.3","2019-05-18T06:55:04.7198441Z","2","2019-05-18T06:55:04.6340000Z","null","null","testdevice","636937240458569050","2019-05-18T06:55:04.6270000Z","null"
"21.99","70.89","2019-05-18T06:55:05.7348939Z","2","2019-05-18T06:55:05.6350000Z","null","null","testdevice","636937240458569050","2019-05-18T06:55:05.6270000Z","null"
"22.64","72.0","2019-05-18T06:55:06.7519348Z","2","2019-05-18T06:55:06.6350000Z","null","null","testdevice","636937240458569050","2019-05-18T06:55:06.6270000Z","null"
"26.3","73.63","2019-05-18T06:55:07.6679953Z","2","2019-05-18T06:55:07.6230000Z","null","null","testdevice","636937240458569050","2019-05-18T06:55:07.6270000Z","null"
"24.9","64.09","2019-05-18T06:55:08.6849970Z","2","2019-05-18T06:55:08.6390000Z","null","null","testdevice","636937240458569050","2019-05-18T06:55:08.6270000Z","null"
"21.78","64.18","2019-05-18T06:55:09.6980352Z","2","2019-05-18T06:55:09.6240000Z","null","null","testdevice","636937240458569050","2019-05-18T06:55:09.6270000Z","null"
"33.86","72.65","2019-05-18T06:55:10.7140763Z","2","2019-05-18T06:55:10.6250000Z","null","null","testdevice","636937240458569050","2019-05-18T06:55:10.6270000Z","null"
"29.79","75.32","2019-05-18T06:55:11.7291134Z","2","2019-05-18T06:55:11.6410000Z","null","null","testdevice","636937240458569050","2019-05-18T06:55:11.6340000Z","null"
"32.3","73.65","2019-05-18T06:55:12.7452120Z","2","2019-05-18T06:55:12.6410000Z","null","null","testdevice","636937240458569050","2019-05-18T06:55:12.6340000Z","null"
"25.29","73.97","2019-05-18T06:55:13.7601857Z","2","2019-05-18T06:55:13.7200000Z","null","null","testdevice","636937240458569050","2019-05-18T06:55:13.7120000Z","null"
"21.03","69.01","2019-05-18T06:55:14.6742256Z","2","2019-05-18T06:55:14.6420000Z","null","null","testdevice","636937240458569050","2019-05-18T06:55:14.6340000Z","null"
"21.06","72.01","2019-05-18T06:55:15.6923122Z","2","2019-05-18T06:55:15.6420000Z","null","null","testdevice","636937240458569050","2019-05-18T06:55:15.6340000Z","null"
"28.99","60.1","2019-05-18T06:55:16.7103132Z","2","2019-05-18T06:55:16.6420000Z","null","null","testdevice","636937240458569050","2019-05-18T06:55:16.6340000Z","null"
"28.68","74.65","2019-05-18T06:55:17.7293882Z","2","2019-05-18T06:55:17.6420000Z","null","null","testdevice","636937240458569050","2019-05-18T06:55:17.6340000Z","null"
"29.78","70.81","2019-05-18T06:55:18.7533938Z","2","2019-05-18T06:55:18.6420000Z","null","null","testdevice","636937240458569050","2019-05-18T06:55:18.6490000Z","null"
"23.84","77.63","2019-05-18T06:55:19.7674685Z","2","2019-05-18T06:55:19.6440000Z","null","null","testdevice","636937240458569050","2019-05-18T06:55:19.6340000Z","null"
"31.42","65.07","2019-05-18T06:55:20.6804669Z","2","2019-05-18T06:55:20.6590000Z","null","null","testdevice","636937240458569050","2019-05-18T06:55:20.6490000Z","null"
"23.77","65.24","2019-05-18T06:55:21.6995242Z","2","2019-05-18T06:55:21.6600000Z","null","null","testdevice","636937240458569050","2019-05-18T06:55:21.6500000Z","null"
"31.16","72.8","2019-05-18T06:55:22.7145472Z","2","2019-05-18T06:55:22.6600000Z","null","null","testdevice","636937240458569050","2019-05-18T06:55:22.6500000Z","null"
"33.12","67.05","2019-05-18T06:55:23.7296082Z","2","2019-05-18T06:55:23.6600000Z","null","null","testdevice","636937240458569050","2019-05-18T06:55:23.6490000Z","null"
"23.25","63.54","2019-05-18T06:55:24.7446351Z","2","2019-05-18T06:55:24.6600000Z","null","null","testdevice","636937240458569050","2019-05-18T06:55:24.6500000Z","null"
"25.52","70.56","2019-05-18T06:55:25.7606736Z","2","2019-05-18T06:55:25.6610000Z","null","null","testdevice","636937240458569050","2019-05-18T06:55:25.6490000Z","null"
"33.16","60.12","2019-05-18T06:55:26.7777211Z","2","2019-05-18T06:55:26.6610000Z","null","null","testdevice","636937240458569050","2019-05-18T06:55:26.6500000Z","null"
"33.19","70.49","2019-05-18T06:55:27.6937451Z","2","2019-05-18T06:55:27.6610000Z","null","null","testdevice","636937240458569050","2019-05-18T06:55:27.6650000Z","null"
"24.58","78.01","2019-05-18T06:55:28.7097864Z","2","2019-05-18T06:55:28.6610000Z","null","null","testdevice","636937240458569050","2019-05-18T06:55:28.6650000Z","null"
"31.7","73.31","2019-05-18T06:55:29.7268359Z","2","2019-05-18T06:55:29.6620000Z","null","null","testdevice","636937240458569050","2019-05-18T06:55:29.6650000Z","null"
"22.29","71.21","2019-05-18T06:55:30.7438599Z","2","2019-05-18T06:55:30.6620000Z","null","null","testdevice","636937240458569050","2019-05-18T06:55:30.6650000Z","null"
"23.98","60.56","2019-05-18T06:55:31.7629194Z","2","2019-05-18T06:55:31.6630000Z","null","null","testdevice","636937240458569050","2019-05-18T06:55:31.6650000Z","null"
"28.82","63.31","2019-05-18T06:55:32.7769696Z","2","2019-05-18T06:55:32.6630000Z","null","null","testdevice","636937240458569050","2019-05-18T06:55:32.6650000Z","null"
"25.78","63.05","2019-05-18T06:55:33.7940165Z","2","2019-05-18T06:55:33.6790000Z","null","null","testdevice","636937240458569050","2019-05-18T06:55:33.6650000Z","null"
"33.85","68.67","2019-05-18T06:55:34.7090428Z","2","2019-05-18T06:55:34.6790000Z","null","null","testdevice","636937240458569050","2019-05-18T06:55:34.6650000Z","null"
"32.22","68.04","2019-05-18T06:55:35.7400985Z","2","2019-05-18T06:55:35.6790000Z","null","null","testdevice","636937240458569050","2019-05-18T06:55:35.6650000Z","null"
"29.35","73.77","2019-05-18T06:55:36.7570875Z","2","2019-05-18T06:55:36.6800000Z","null","null","testdevice","636937240458569050","2019-05-18T06:55:36.6650000Z","null"
"30.83","79.39","2019-05-18T06:55:37.7771771Z","2","2019-05-18T06:55:37.6800000Z","null","null","testdevice","636937240458569050","2019-05-18T06:55:37.6650000Z","null"
"26.62","73.72","2019-05-18T06:55:38.7932176Z","2","2019-05-18T06:55:38.6800000Z","null","null","testdevice","636937240458569050","2019-05-18T06:55:38.6810000Z","null"
"20.22","65.63","2019-05-18T06:55:39.8082352Z","2","2019-05-18T06:55:39.6800000Z","null","null","testdevice","636937240458569050","2019-05-18T06:55:39.6810000Z","null"
"34.78","65.61","2019-05-18T06:55:40.7232905Z","2","2019-05-18T06:55:40.6800000Z","null","null","testdevice","636937240458569050","2019-05-18T06:55:40.6810000Z","null"
"27.42","60.22","2019-05-18T06:55:41.7403328Z","2","2019-05-18T06:55:41.6810000Z","null","null","testdevice","636937240458569050","2019-05-18T06:55:41.6810000Z","null"
"28.79","65.53","2019-05-18T06:55:42.7563698Z","2","2019-05-18T06:55:42.6970000Z","null","null","testdevice","636937240458569050","2019-05-18T06:55:42.6840000Z","null"
"20.78","74.04","2019-05-18T06:55:43.7743716Z","2","2019-05-18T06:55:43.6970000Z","null","null","testdevice","636937240458569050","2019-05-18T06:55:43.6840000Z","null"
"32.46","65.19","2019-05-18T06:55:44.7944102Z","2","2019-05-18T06:55:44.6970000Z","null","null","testdevice","636937240458569050","2019-05-18T06:55:44.6840000Z","null"
"30.34","68.46","2019-05-18T06:55:45.8104823Z","2","2019-05-18T06:55:45.6980000Z","null","null","testdevice","636937240458569050","2019-05-18T06:55:45.6840000Z","null"
"32.68","62.34","2019-05-18T06:55:46.7305229Z","2","2019-05-18T06:55:46.6980000Z","null","null","testdevice","636937240458569050","2019-05-18T06:55:46.6840000Z","null"
"23.6","66.24","2019-05-18T06:55:47.7505392Z","2","2019-05-18T06:55:47.6980000Z","null","null","testdevice","636937240458569050","2019-05-18T06:55:47.6840000Z","null"
"26.38","73.87","2019-05-18T06:55:48.7725947Z","2","2019-05-18T06:55:48.6990000Z","null","null","testdevice","636937240458569050","2019-05-18T06:55:48.6840000Z","null"
"31.98","60.47","2019-05-18T06:55:49.7936454Z","2","2019-05-18T06:55:49.6990000Z","null","null","testdevice","636937240458569050","2019-05-18T06:55:49.7000000Z","null"
"34.16","68.41","2019-05-18T06:55:50.8116842Z","2","2019-05-18T06:55:50.6990000Z","null","null","testdevice","636937240458569050","2019-05-18T06:55:50.7000000Z","null"
"32.82","79.61","2019-05-18T06:55:51.8276864Z","2","2019-05-18T06:55:51.6990000Z","null","null","testdevice","636937240458569050","2019-05-18T06:55:51.7000000Z","null"
"28.04","69.94","2019-05-18T06:55:52.7427332Z","2","2019-05-18T06:55:52.6990000Z","null","null","testdevice","636937240458569050","2019-05-18T06:55:52.7000000Z","null"
"34.28","77.24","2019-05-18T06:55:53.7627584Z","2","2019-05-18T06:55:53.7140000Z","null","null","testdevice","636937240458569050","2019-05-18T06:55:53.7000000Z","null"
"23.71","74.05","2019-05-18T06:55:54.7793115Z","2","2019-05-18T06:55:54.7000000Z","null","null","testdevice","636937240458569050","2019-05-18T06:55:54.7000000Z","null"
"26.74","66.06","2019-05-18T06:55:55.7963527Z","2","2019-05-18T06:55:55.7150000Z","null","null","testdevice","636937240458569050","2019-05-18T06:55:55.7000000Z","null"
"26.69","71.37","2019-05-18T06:55:56.8153757Z","2","2019-05-18T06:55:56.7150000Z","null","null","testdevice","636937240458569050","2019-05-18T06:55:56.7000000Z","null"
"31.15","66.54","2019-05-18T06:55:57.8324337Z","2","2019-05-18T06:55:57.7150000Z","null","null","testdevice","636937240458569050","2019-05-18T06:55:57.7000000Z","null"
"26.66","69.8","2019-05-18T06:55:58.7454426Z","2","2019-05-18T06:55:58.7150000Z","null","null","testdevice","636937240458569050","2019-05-18T06:55:58.7160000Z","null"
"33.01","60.14","2019-05-18T06:55:59.7624605Z","2","2019-05-18T06:55:59.7160000Z","null","null","testdevice","636937240458569050","2019-05-18T06:55:59.7160000Z","null"
"24.74","76.82","2019-05-18T06:56:00.7785077Z","2","2019-05-18T06:56:00.7160000Z","null","null","testdevice","636937240458569050","2019-05-18T06:56:00.7160000Z","null"
"33.45","72.38","2019-05-18T06:56:01.7945473Z","2","2019-05-18T06:56:01.7170000Z","null","null","testdevice","636937240458569050","2019-05-18T06:56:01.7160000Z","null"
"21.35","79.37","2019-05-18T06:56:02.8165933Z","2","2019-05-18T06:56:02.7180000Z","null","null","testdevice","636937240458569050","2019-05-18T06:56:02.7160000Z","null"
"31.94","63.79","2019-05-18T06:56:03.8336268Z","2","2019-05-18T06:56:03.7180000Z","null","null","testdevice","636937240458569050","2019-05-18T06:56:03.7160000Z","null"
"20.63","62.31","2019-05-18T06:56:04.8486589Z","2","2019-05-18T06:56:04.7180000Z","null","null","testdevice","636937240458569050","2019-05-18T06:56:04.7160000Z","null"
"25.44","68.19","2019-05-18T06:56:05.7689508Z","2","2019-05-18T06:56:05.7330000Z","null","null","testdevice","636937240458569050","2019-05-18T06:56:05.7160000Z","null"
"29.06","64.26","2019-05-18T06:56:06.7857557Z","2","2019-05-18T06:56:06.7330000Z","null","null","testdevice","636937240458569050","2019-05-18T06:56:06.7160000Z","null"
"25.84","78.14","2019-05-18T06:56:07.8018195Z","2","2019-05-18T06:56:07.7330000Z","null","null","testdevice","636937240458569050","2019-05-18T06:56:07.7320000Z","null"
"31.33","61.81","2019-05-18T06:56:08.8248118Z","2","2019-05-18T06:56:08.7350000Z","null","null","testdevice","636937240458569050","2019-05-18T06:56:08.7320000Z","null"
"31.16","65.96","2019-05-18T06:56:09.8402453Z","2","2019-05-18T06:56:09.7360000Z","null","null","testdevice","636937240458569050","2019-05-18T06:56:09.7320000Z","null"
"24.53","67.72","2019-05-18T06:56:10.8562504Z","2","2019-05-18T06:56:10.7360000Z","null","null","testdevice","636937240458569050","2019-05-18T06:56:10.7320000Z","null"
"24.34","65.18","2019-05-18T06:56:11.8732783Z","2","2019-05-18T06:56:11.7510000Z","null","null","testdevice","636937240458569050","2019-05-18T06:56:11.7320000Z","null"
"33.7","70.77","2019-05-18T06:56:12.7903220Z","2","2019-05-18T06:56:12.7360000Z","null","null","testdevice","636937240458569050","2019-05-18T06:56:12.7320000Z","null"
"20.81","76.56","2019-05-18T06:56:13.8063642Z","2","2019-05-18T06:56:13.7360000Z","null","null","testdevice","636937240458569050","2019-05-18T06:56:13.7320000Z","null"
"31.27","79.55","2019-05-18T06:56:14.8243952Z","2","2019-05-18T06:56:14.7360000Z","null","null","testdevice","636937240458569050","2019-05-18T06:56:14.7320000Z","null"
"25.95","70.88","2019-05-18T06:56:15.8424398Z","2","2019-05-18T06:56:15.7520000Z","null","null","testdevice","636937240458569050","2019-05-18T06:56:15.7320000Z","null"
"22.5","68.65","2019-05-18T06:56:16.8594731Z","2","2019-05-18T06:56:16.7390000Z","null","null","testdevice","636937240458569050","2019-05-18T06:56:16.7470000Z","null"
"26.27","78.2","2019-05-18T06:56:17.8755622Z","2","2019-05-18T06:56:17.7400000Z","null","null","testdevice","636937240458569050","2019-05-18T06:56:17.7480000Z","null"
"29.78","70.46","2019-05-18T06:56:18.7925675Z","2","2019-05-18T06:56:18.7550000Z","null","null","testdevice","636937240458569050","2019-05-18T06:56:18.7480000Z","null"
"30.99","65.14","2019-05-18T06:56:19.8126344Z","2","2019-05-18T06:56:19.7550000Z","null","null","testdevice","636937240458569050","2019-05-18T06:56:19.7480000Z","null"
"24.98","76.72","2019-05-18T06:56:20.8276429Z","2","2019-05-18T06:56:20.7550000Z","null","null","testdevice","636937240458569050","2019-05-18T06:56:20.7480000Z","null"
"27.28","62.36","2019-05-18T06:56:21.8416743Z","2","2019-05-18T06:56:21.7560000Z","null","null","testdevice","636937240458569050","2019-05-18T06:56:21.7480000Z","null"
"33.21","65.68","2019-05-18T06:56:22.8607072Z","2","2019-05-18T06:56:22.7560000Z","null","null","testdevice","636937240458569050","2019-05-18T06:56:22.7480000Z","null"
"33.6","78.18","2019-05-18T06:56:23.8787645Z","2","2019-05-18T06:56:23.7560000Z","null","null","testdevice","636937240458569050","2019-05-18T06:56:23.7480000Z","null"
"21.42","74.33","2019-05-18T06:56:24.7947847Z","2","2019-05-18T06:56:24.7560000Z","null","null","testdevice","636937240458569050","2019-05-18T06:56:24.7480000Z","null"
"28.4","75.8","2019-05-18T06:56:25.8128440Z","2","2019-05-18T06:56:25.7560000Z","null","null","testdevice","636937240458569050","2019-05-18T06:56:25.7480000Z","null"
"32.34","78.93","2019-05-18T06:56:26.8288683Z","2","2019-05-18T06:56:26.7570000Z","null","null","testdevice","636937240458569050","2019-05-18T06:56:26.7640000Z","null"
"29.32","71.36","2019-05-18T06:56:27.8469056Z","2","2019-05-18T06:56:27.7570000Z","null","null","testdevice","636937240458569050","2019-05-18T06:56:27.7640000Z","null"
"21.82","68.67","2019-05-18T06:56:28.8669771Z","2","2019-05-18T06:56:28.7730000Z","null","null","testdevice","636937240458569050","2019-05-18T06:56:28.7640000Z","null"
"24.97","66.8","2019-05-18T06:56:29.8829896Z","2","2019-05-18T06:56:29.7580000Z","null","null","testdevice","636937240458569050","2019-05-18T06:56:29.7640000Z","null"
"20.96","73.05","2019-05-18T06:56:30.7980456Z","2","2019-05-18T06:56:30.7740000Z","null","null","testdevice","636937240458569050","2019-05-18T06:56:30.7640000Z","null"
"29.76","79.04","2019-05-18T06:56:31.8180592Z","2","2019-05-18T06:56:31.7740000Z","null","null","testdevice","636937240458569050","2019-05-18T06:56:31.7640000Z","null"
"32.87","63.79","2019-05-18T06:56:32.8401010Z","2","2019-05-18T06:56:32.7740000Z","null","null","testdevice","636937240458569050","2019-05-18T06:56:32.7640000Z","null"
"23.24","72.49","2019-05-18T06:56:33.8571456Z","2","2019-05-18T06:56:33.7750000Z","null","null","testdevice","636937240458569050","2019-05-18T06:56:33.7640000Z","null"
"28.0","77.94","2019-05-18T06:56:34.8751806Z","2","2019-05-18T06:56:34.7750000Z","null","null","testdevice","636937240458569050","2019-05-18T06:56:34.7640000Z","null"
"31.48","78.37","2019-05-18T06:56:35.8932195Z","2","2019-05-18T06:56:35.7750000Z","null","null","testdevice","636937240458569050","2019-05-18T06:56:35.7790000Z","null"
"20.46","65.75","2019-05-18T06:56:36.8082569Z","2","2019-05-18T06:56:36.7750000Z","null","null","testdevice","636937240458569050","2019-05-18T06:56:36.7800000Z","null"
"30.68","67.23","2019-05-18T06:56:37.8262945Z","2","2019-05-18T06:56:37.7750000Z","null","null","testdevice","636937240458569050","2019-05-18T06:56:37.7800000Z","null"
"25.88","63.3","2019-05-18T06:56:38.8463628Z","2","2019-05-18T06:56:38.7750000Z","null","null","testdevice","636937240458569050","2019-05-18T06:56:38.7840000Z","null"
"30.41","68.57","2019-05-18T06:56:39.8643741Z","2","2019-05-18T06:56:39.7760000Z","null","null","testdevice","636937240458569050","2019-05-18T06:56:39.7840000Z","null"
"34.61","63.53","2019-05-18T06:56:40.8794297Z","2","2019-05-18T06:56:40.7920000Z","null","null","testdevice","636937240458569050","2019-05-18T06:56:40.7730000Z","null"
"23.69","63.51","2019-05-18T06:56:41.8954394Z","2","2019-05-18T06:56:41.7920000Z","null","null","testdevice","636937240458569050","2019-05-18T06:56:41.7880000Z","null"
"34.05","72.36","2019-05-18T06:56:42.9134963Z","2","2019-05-18T06:56:42.7920000Z","null","null","testdevice","636937240458569050","2019-05-18T06:56:42.7900000Z","null"
"29.23","67.8","2019-05-18T06:56:43.8325371Z","2","2019-05-18T06:56:43.7920000Z","null","null","testdevice","636937240458569050","2019-05-18T06:56:43.7900000Z","null"
"26.65","72.66","2019-05-18T06:56:44.8505597Z","2","2019-05-18T06:56:44.7920000Z","null","null","testdevice","636937240458569050","2019-05-18T06:56:44.7900000Z","null"
"23.42","70.72","2019-05-18T06:56:45.8765960Z","2","2019-05-18T06:56:45.7940000Z","null","null","testdevice","636937240458569050","2019-05-18T06:56:45.7900000Z","null"
"22.66","78.2","2019-05-18T06:56:46.8926461Z","2","2019-05-18T06:56:46.7940000Z","null","null","testdevice","636937240458569050","2019-05-18T06:56:46.7900000Z","null"
"24.21","66.34","2019-05-18T06:56:47.9126831Z","2","2019-05-18T06:56:47.7940000Z","null","null","testdevice","636937240458569050","2019-05-18T06:56:47.7900000Z","null"
"21.3","75.25","2019-05-18T06:56:48.8297225Z","2","2019-05-18T06:56:48.7940000Z","null","null","testdevice","636937240458569050","2019-05-18T06:56:48.7900000Z","null"
"32.69","68.81","2019-05-18T06:56:49.8447600Z","2","2019-05-18T06:56:49.7960000Z","null","null","testdevice","636937240458569050","2019-05-18T06:56:49.7900000Z","null"
"29.74","60.95","2019-05-18T06:56:50.8657867Z","2","2019-05-18T06:56:50.7960000Z","null","null","testdevice","636937240458569050","2019-05-18T06:56:50.7900000Z","null"
"28.5","68.06","2019-05-18T06:56:51.8808486Z","2","2019-05-18T06:56:51.7960000Z","null","null","testdevice","636937240458569050","2019-05-18T06:56:51.8060000Z","null"
"26.76","74.57","2019-05-18T06:56:52.8988716Z","2","2019-05-18T06:56:52.8120000Z","null","null","testdevice","636937240458569050","2019-05-18T06:56:52.7940000Z","null"
"26.81","60.47","2019-05-18T06:56:53.9169086Z","2","2019-05-18T06:56:53.8130000Z","null","null","testdevice","636937240458569050","2019-05-18T06:56:53.8100000Z","null"
"21.01","76.87","2019-05-18T06:56:54.9349573Z","2","2019-05-18T06:56:54.8130000Z","null","null","testdevice","636937240458569050","2019-05-18T06:56:54.8100000Z","null"
"30.06","67.16","2019-05-18T06:56:55.8509988Z","2","2019-05-18T06:56:55.8130000Z","null","null","testdevice","636937240458569050","2019-05-18T06:56:55.8100000Z","null"
"34.03","74.78","2019-05-18T06:56:56.8688105Z","2","2019-05-18T06:56:56.8140000Z","null","null","testdevice","636937240458569050","2019-05-18T06:56:56.8100000Z","null"
"33.41","63.82","2019-05-18T06:56:57.8844980Z","2","2019-05-18T06:56:57.8140000Z","null","null","testdevice","636937240458569050","2019-05-18T06:56:57.8100000Z","null"
"25.27","70.43","2019-05-18T06:56:58.9015131Z","2","2019-05-18T06:56:58.8160000Z","null","null","testdevice","636937240458569050","2019-05-18T06:56:58.8100000Z","null"
"31.52","69.95","2019-05-18T06:56:59.9195467Z","2","2019-05-18T06:56:59.8320000Z","null","null","testdevice","636937240458569050","2019-05-18T06:56:59.8250000Z","null"
"27.64","61.23","2019-05-18T06:57:00.9365724Z","2","2019-05-18T06:57:00.8160000Z","null","null","testdevice","636937240458569050","2019-05-18T06:57:00.8100000Z","null"
"23.12","61.0","2019-05-18T06:57:01.8516155Z","2","2019-05-18T06:57:01.8160000Z","null","null","testdevice","636937240458569050","2019-05-18T06:57:01.8250000Z","null"
"20.69","69.18","2019-05-18T06:57:02.8696765Z","2","2019-05-18T06:57:02.8160000Z","null","null","testdevice","636937240458569050","2019-05-18T06:57:02.8250000Z","null"
"30.24","63.18","2019-05-18T06:57:03.8882823Z","2","2019-05-18T06:57:03.8170000Z","null","null","testdevice","636937240458569050","2019-05-18T06:57:03.8100000Z","null"
"28.06","60.74","2019-05-18T06:57:04.9053238Z","2","2019-05-18T06:57:04.8320000Z","null","null","testdevice","636937240458569050","2019-05-18T06:57:04.8250000Z","null"
"30.5","78.15","2019-05-18T06:57:05.9243603Z","2","2019-05-18T06:57:05.8320000Z","null","null","testdevice","636937240458569050","2019-05-18T06:57:05.8250000Z","null"
"28.64","64.22","2019-05-18T06:57:06.9403967Z","2","2019-05-18T06:57:06.8320000Z","null","null","testdevice","636937240458569050","2019-05-18T06:57:06.8250000Z","null"
"25.31","79.38","2019-05-18T06:57:07.8555117Z","2","2019-05-18T06:57:07.8320000Z","null","null","testdevice","636937240458569050","2019-05-18T06:57:07.8280000Z","null"
"28.6","69.95","2019-05-18T06:57:08.8705661Z","2","2019-05-18T06:57:08.8330000Z","null","null","testdevice","636937240458569050","2019-05-18T06:57:08.8280000Z","null"
"28.19","73.61","2019-05-18T06:57:09.8876119Z","2","2019-05-18T06:57:09.8330000Z","null","null","testdevice","636937240458569050","2019-05-18T06:57:09.8280000Z","null"
"22.52","62.46","2019-05-18T06:57:10.9056711Z","2","2019-05-18T06:57:10.8350000Z","null","null","testdevice","636937240458569050","2019-05-18T06:57:10.8280000Z","null"
"26.25","77.42","2019-05-18T06:57:11.9246772Z","2","2019-05-18T06:57:11.8350000Z","null","null","testdevice","636937240458569050","2019-05-18T06:57:11.8280000Z","null"
"33.46","72.96","2019-05-18T06:57:12.9427150Z","2","2019-05-18T06:57:12.8510000Z","null","null","testdevice","636937240458569050","2019-05-18T06:57:12.8440000Z","null"
"34.57","73.89","2019-05-18T06:57:13.8597355Z","2","2019-05-18T06:57:13.8360000Z","null","null","testdevice","636937240458569050","2019-05-18T06:57:13.8290000Z","null"
"26.16","60.7","2019-05-18T06:57:14.8787893Z","2","2019-05-18T06:57:14.8370000Z","null","null","testdevice","636937240458569050","2019-05-18T06:57:14.8290000Z","null"
"21.08","75.49","2019-05-18T06:57:15.8958146Z","2","2019-05-18T06:57:15.8370000Z","null","null","testdevice","636937240458569050","2019-05-18T06:57:15.8320000Z","null"
"25.64","79.92","2019-05-18T06:57:16.9088555Z","2","2019-05-18T06:57:16.8370000Z","null","null","testdevice","636937240458569050","2019-05-18T06:57:16.8320000Z","null"
"27.91","62.62","2019-05-18T06:57:17.9239347Z","2","2019-05-18T06:57:17.8520000Z","null","null","testdevice","636937240458569050","2019-05-18T06:57:17.8470000Z","null"
"26.77","74.34","2019-05-18T06:57:18.9399333Z","2","2019-05-18T06:57:18.8540000Z","null","null","testdevice","636937240458569050","2019-05-18T06:57:18.8490000Z","null"
"33.32","68.42","2019-05-18T06:57:19.9599847Z","2","2019-05-18T06:57:19.8540000Z","null","null","testdevice","636937240458569050","2019-05-18T06:57:19.8490000Z","null"
"24.37","71.37","2019-05-18T06:57:20.8780319Z","2","2019-05-18T06:57:20.8540000Z","null","null","testdevice","636937240458569050","2019-05-18T06:57:20.8510000Z","null"
"29.74","67.26","2019-05-18T06:57:21.8960858Z","2","2019-05-18T06:57:21.8540000Z","null","null","testdevice","636937240458569050","2019-05-18T06:57:21.8510000Z","null"
"30.58","69.49","2019-05-18T06:57:22.9140917Z","2","2019-05-18T06:57:22.8540000Z","null","null","testdevice","636937240458569050","2019-05-18T06:57:22.8510000Z","null"
"33.25","61.7","2019-05-18T06:57:23.9301771Z","2","2019-05-18T06:57:23.8540000Z","null","null","testdevice","636937240458569050","2019-05-18T06:57:23.8510000Z","null"
"25.2","79.18","2019-05-18T06:57:24.9472127Z","2","2019-05-18T06:57:24.8560000Z","null","null","testdevice","636937240458569050","2019-05-18T06:57:24.8510000Z","null"
"26.2","71.37","2019-05-18T06:57:25.9672198Z","2","2019-05-18T06:57:25.8560000Z","null","null","testdevice","636937240458569050","2019-05-18T06:57:25.8510000Z","null"
"24.81","73.28","2019-05-18T06:57:26.9842907Z","2","2019-05-18T06:57:26.8560000Z","null","null","testdevice","636937240458569050","2019-05-18T06:57:26.8510000Z","null"
"22.71","69.55","2019-05-18T06:57:27.8982823Z","2","2019-05-18T06:57:27.8560000Z","null","null","testdevice","636937240458569050","2019-05-18T06:57:27.8510000Z","null"
"33.21","72.87","2019-05-18T06:57:28.9153190Z","2","2019-05-18T06:57:28.8560000Z","null","null","testdevice","636937240458569050","2019-05-18T06:57:28.8510000Z","null"
"20.83","71.03","2019-05-18T06:57:29.9333563Z","2","2019-05-18T06:57:29.8570000Z","null","null","testdevice","636937240458569050","2019-05-18T06:57:29.8510000Z","null"
"25.9","64.04","2019-05-18T06:57:30.9504455Z","2","2019-05-18T06:57:30.8570000Z","null","null","testdevice","636937240458569050","2019-05-18T06:57:30.8510000Z","null"
"33.64","74.75","2019-05-18T06:57:31.9674603Z","2","2019-05-18T06:57:31.8570000Z","null","null","testdevice","636937240458569050","2019-05-18T06:57:31.8540000Z","null"
"22.01","77.86","2019-05-18T06:57:32.9864727Z","2","2019-05-18T06:57:32.8730000Z","null","null","testdevice","636937240458569050","2019-05-18T06:57:32.8540000Z","null"
"28.45","61.69","2019-05-18T06:57:33.9015246Z","2","2019-05-18T06:57:33.8740000Z","null","null","testdevice","636937240458569050","2019-05-18T06:57:33.8690000Z","null"
"28.11","75.94","2019-05-18T06:57:34.9165865Z","2","2019-05-18T06:57:34.8740000Z","null","null","testdevice","636937240458569050","2019-05-18T06:57:34.8700000Z","null"
"26.67","72.32","2019-05-18T06:57:35.9356290Z","2","2019-05-18T06:57:35.8750000Z","null","null","testdevice","636937240458569050","2019-05-18T06:57:35.8700000Z","null"
"22.11","76.73","2019-05-18T06:57:36.9536394Z","2","2019-05-18T06:57:36.8740000Z","null","null","testdevice","636937240458569050","2019-05-18T06:57:36.8690000Z","null"
"23.35","64.74","2019-05-18T06:57:37.9686954Z","2","2019-05-18T06:57:37.9070000Z","null","null","testdevice","636937240458569050","2019-05-18T06:57:37.9010000Z","null"
"33.08","62.89","2019-05-18T06:57:38.9847001Z","2","2019-05-18T06:57:38.8760000Z","null","null","testdevice","636937240458569050","2019-05-18T06:57:38.8700000Z","null"
"21.03","78.62","2019-05-18T06:57:39.9997535Z","2","2019-05-18T06:57:39.8770000Z","null","null","testdevice","636937240458569050","2019-05-18T06:57:39.8700000Z","null"
"27.11","69.72","2019-05-18T06:57:40.9158173Z","2","2019-05-18T06:57:40.8770000Z","null","null","testdevice","636937240458569050","2019-05-18T06:57:40.8700000Z","null"
"21.66","61.89","2019-05-18T06:57:41.9328137Z","2","2019-05-18T06:57:41.8770000Z","null","null","testdevice","636937240458569050","2019-05-18T06:57:41.8700000Z","null"
"26.24","79.04","2019-05-18T06:57:42.9488846Z","2","2019-05-18T06:57:42.8770000Z","null","null","testdevice","636937240458569050","2019-05-18T06:57:42.8850000Z","null"
"29.41","72.64","2019-05-18T06:57:43.9658836Z","2","2019-05-18T06:57:43.8770000Z","null","null","testdevice","636937240458569050","2019-05-18T06:57:43.8850000Z","null"
"34.6","67.97","2019-05-18T06:57:44.9849679Z","2","2019-05-18T06:57:44.8930000Z","null","null","testdevice","636937240458569050","2019-05-18T06:57:44.8850000Z","null"
"34.83","70.36","2019-05-18T06:57:46.0039925Z","2","2019-05-18T06:57:45.8930000Z","null","null","testdevice","636937240458569050","2019-05-18T06:57:45.8850000Z","null"
"32.81","76.34","2019-05-18T06:57:46.9210382Z","2","2019-05-18T06:57:46.8940000Z","null","null","testdevice","636937240458569050","2019-05-18T06:57:46.8850000Z","null"
"22.4","79.61","2019-05-18T06:57:47.9380532Z","2","2019-05-18T06:57:47.8940000Z","null","null","testdevice","636937240458569050","2019-05-18T06:57:47.8850000Z","null"
"27.1","78.16","2019-05-18T06:57:48.9561291Z","2","2019-05-18T06:57:48.8940000Z","null","null","testdevice","636937240458569050","2019-05-18T06:57:48.8850000Z","null"
"31.47","78.79","2019-05-18T06:57:49.9731616Z","2","2019-05-18T06:57:49.8940000Z","null","null","testdevice","636937240458569050","2019-05-18T06:57:49.8850000Z","null"
"31.29","71.02","2019-05-18T06:57:50.9921981Z","2","2019-05-18T06:57:50.8950000Z","null","null","testdevice","636937240458569050","2019-05-18T06:57:50.8850000Z","null"
"23.07","64.93","2019-05-18T06:57:52.0092381Z","2","2019-05-18T06:57:51.8950000Z","null","null","testdevice","636937240458569050","2019-05-18T06:57:51.9020000Z","null"
"24.47","64.59","2019-05-18T06:57:52.9325250Z","2","2019-05-18T06:57:52.8950000Z","null","null","testdevice","636937240458569050","2019-05-18T06:57:52.9020000Z","null"
"32.5","70.89","2019-05-18T06:57:53.9512783Z","2","2019-05-18T06:57:53.9110000Z","null","null","testdevice","636937240458569050","2019-05-18T06:57:53.9020000Z","null"
"33.14","63.42","2019-05-18T06:57:54.9703455Z","2","2019-05-18T06:57:54.9110000Z","null","null","testdevice","636937240458569050","2019-05-18T06:57:54.9020000Z","null"
"28.5","73.54","2019-05-18T06:57:55.9883544Z","2","2019-05-18T06:57:55.9110000Z","null","null","testdevice","636937240458569050","2019-05-18T06:57:55.9020000Z","null"
"20.93","77.15","2019-05-18T06:57:57.0063946Z","2","2019-05-18T06:57:56.9120000Z","null","null","testdevice","636937240458569050","2019-05-18T06:57:56.9020000Z","null"
"33.69","76.11","2019-05-18T06:57:58.0244558Z","2","2019-05-18T06:57:57.9120000Z","null","null","testdevice","636937240458569050","2019-05-18T06:57:57.9020000Z","null"
"32.75","75.41","2019-05-18T06:57:58.9404685Z","2","2019-05-18T06:57:58.9120000Z","null","null","testdevice","636937240458569050","2019-05-18T06:57:58.9020000Z","null"
"33.31","71.32","2019-05-18T06:57:59.9606850Z","2","2019-05-18T06:57:59.9120000Z","null","null","testdevice","636937240458569050","2019-05-18T06:57:59.9020000Z","null"
"24.5","69.11","2019-05-18T06:58:00.9835909Z","2","2019-05-18T06:58:00.9120000Z","null","null","testdevice","636937240458569050","2019-05-18T06:58:00.9020000Z","null"
"32.86","65.33","2019-05-18T06:58:02.0016249Z","2","2019-05-18T06:58:01.9120000Z","null","null","testdevice","636937240458569050","2019-05-18T06:58:01.9040000Z","null"
"28.97","75.86","2019-05-18T06:58:03.0176506Z","2","2019-05-18T06:58:02.9130000Z","null","null","testdevice","636937240458569050","2019-05-18T06:58:02.9040000Z","null"
"20.5","63.21","2019-05-18T06:58:04.0357074Z","2","2019-05-18T06:58:03.9130000Z","null","null","testdevice","636937240458569050","2019-05-18T06:58:03.9190000Z","null"
"27.27","60.64","2019-05-18T06:58:04.9497410Z","2","2019-05-18T06:58:04.9130000Z","null","null","testdevice","636937240458569050","2019-05-18T06:58:04.9190000Z","null"
"21.39","76.92","2019-05-18T06:58:05.9738943Z","2","2019-05-18T06:58:05.9290000Z","null","null","testdevice","636937240458569050","2019-05-18T06:58:05.9190000Z","null"
"23.61","68.85","2019-05-18T06:58:06.9899408Z","2","2019-05-18T06:58:06.9290000Z","null","null","testdevice","636937240458569050","2019-05-18T06:58:06.9190000Z","null"
"25.48","63.82","2019-05-18T06:58:08.0079291Z","2","2019-05-18T06:58:07.9290000Z","null","null","testdevice","636937240458569050","2019-05-18T06:58:07.9190000Z","null"
"34.16","68.83","2019-05-18T06:58:09.0250086Z","2","2019-05-18T06:58:08.9290000Z","null","null","testdevice","636937240458569050","2019-05-18T06:58:08.9190000Z","null"
"24.43","70.57","2019-05-18T06:58:10.0430538Z","2","2019-05-18T06:58:09.9310000Z","null","null","testdevice","636937240458569050","2019-05-18T06:58:09.9190000Z","null"
"20.05","64.04","2019-05-18T06:58:10.9630797Z","2","2019-05-18T06:58:10.9310000Z","null","null","testdevice","636937240458569050","2019-05-18T06:58:10.9200000Z","null"
"31.96","79.69","2019-05-18T06:58:11.9770776Z","2","2019-05-18T06:58:11.9310000Z","null","null","testdevice","636937240458569050","2019-05-18T06:58:11.9360000Z","null"
"34.0","70.72","2019-05-18T06:58:12.9931126Z","2","2019-05-18T06:58:12.9310000Z","null","null","testdevice","636937240458569050","2019-05-18T06:58:12.9200000Z","null"
"21.75","61.32","2019-05-18T06:58:14.0111563Z","2","2019-05-18T06:58:13.9310000Z","null","null","testdevice","636937240458569050","2019-05-18T06:58:13.9230000Z","null"
"27.16","63.25","2019-05-18T06:58:15.0282129Z","2","2019-05-18T06:58:14.9310000Z","null","null","testdevice","636937240458569050","2019-05-18T06:58:14.9230000Z","null"
"22.56","78.24","2019-05-18T06:58:16.0472524Z","2","2019-05-18T06:58:15.9460000Z","null","null","testdevice","636937240458569050","2019-05-18T06:58:15.9390000Z","null"
"32.67","77.33","2019-05-18T06:58:16.9622743Z","2","2019-05-18T06:58:16.9310000Z","null","null","testdevice","636937240458569050","2019-05-18T06:58:16.9390000Z","null"
"21.15","72.05","2019-05-18T06:58:17.9783034Z","2","2019-05-18T06:58:17.9310000Z","null","null","testdevice","636937240458569050","2019-05-18T06:58:17.9390000Z","null"
"22.11","76.0","2019-05-18T06:58:18.9963365Z","2","2019-05-18T06:58:18.9480000Z","null","null","testdevice","636937240458569050","2019-05-18T06:58:18.9390000Z","null"
"28.78","67.5","2019-05-18T06:58:20.0133758Z","2","2019-05-18T06:58:19.9490000Z","null","null","testdevice","636937240458569050","2019-05-18T06:58:19.9390000Z","null"
"20.02","71.03","2019-05-18T06:58:21.0334160Z","2","2019-05-18T06:58:20.9490000Z","null","null","testdevice","636937240458569050","2019-05-18T06:58:20.9390000Z","null"
"26.49","63.44","2019-05-18T06:58:22.0474458Z","2","2019-05-18T06:58:21.9490000Z","null","null","testdevice","636937240458569050","2019-05-18T06:58:21.9390000Z","null"
"32.01","74.52","2019-05-18T06:58:23.0651149Z","2","2019-05-18T06:58:22.9490000Z","null","null","testdevice","636937240458569050","2019-05-18T06:58:22.9390000Z","null"
"31.32","78.12","2019-05-18T06:58:23.9831052Z","2","2019-05-18T06:58:23.9500000Z","null","null","testdevice","636937240458569050","2019-05-18T06:58:23.9390000Z","null"
"31.97","63.66","2019-05-18T06:58:24.9981503Z","2","2019-05-18T06:58:24.9500000Z","null","null","testdevice","636937240458569050","2019-05-18T06:58:24.9390000Z","null"
"30.68","65.07","2019-05-18T06:58:26.0171750Z","2","2019-05-18T06:58:25.9500000Z","null","null","testdevice","636937240458569050","2019-05-18T06:58:25.9400000Z","null"
"20.35","64.6","2019-05-18T06:58:27.0343585Z","2","2019-05-18T06:58:26.9500000Z","null","null","testdevice","636937240458569050","2019-05-18T06:58:26.9400000Z","null"
"23.75","78.27","2019-05-18T06:58:28.0504015Z","2","2019-05-18T06:58:27.9500000Z","null","null","testdevice","636937240458569050","2019-05-18T06:58:27.9400000Z","null"
"33.05","71.36","2019-05-18T06:58:29.0716135Z","2","2019-05-18T06:58:28.9500000Z","null","null","testdevice","636937240458569050","2019-05-18T06:58:28.9560000Z","null"
"31.54","77.13","2019-05-18T06:58:29.9925049Z","2","2019-05-18T06:58:29.9500000Z","null","null","testdevice","636937240458569050","2019-05-18T06:58:29.9560000Z","null"
"26.43","79.05","2019-05-18T06:58:31.0099642Z","2","2019-05-18T06:58:30.9500000Z","null","null","testdevice","636937240458569050","2019-05-18T06:58:30.9560000Z","null"
"29.54","66.4","2019-05-18T06:58:32.0273729Z","2","2019-05-18T06:58:31.9660000Z","null","null","testdevice","636937240458569050","2019-05-18T06:58:31.9560000Z","null"
"20.26","72.59","2019-05-18T06:58:33.0424292Z","2","2019-05-18T06:58:32.9660000Z","null","null","testdevice","636937240458569050","2019-05-18T06:58:32.9560000Z","null"
"25.17","73.69","2019-05-18T06:58:34.0594503Z","2","2019-05-18T06:58:33.9660000Z","null","null","testdevice","636937240458569050","2019-05-18T06:58:33.9560000Z","null"
"20.18","60.0","2019-05-18T06:58:35.0755318Z","2","2019-05-18T06:58:34.9680000Z","null","null","testdevice","636937240458569050","2019-05-18T06:58:34.9560000Z","null"
"27.58","75.04","2019-05-18T06:58:36.0935565Z","2","2019-05-18T06:58:35.9680000Z","null","null","testdevice","636937240458569050","2019-05-18T06:58:35.9560000Z","null"
"23.4","73.54","2019-05-18T06:58:37.0096056Z","2","2019-05-18T06:58:36.9830000Z","null","null","testdevice","636937240458569050","2019-05-18T06:58:36.9720000Z","null"
"26.95","69.08","2019-05-18T06:58:38.0256242Z","2","2019-05-18T06:58:37.9680000Z","null","null","testdevice","636937240458569050","2019-05-18T06:58:37.9560000Z","null"
"29.08","62.91","2019-05-18T06:58:39.0436479Z","2","2019-05-18T06:58:38.9730000Z","null","null","testdevice","636937240458569050","2019-05-18T06:58:38.9560000Z","null"
"30.19","79.06","2019-05-18T06:58:40.0607056Z","2","2019-05-18T06:58:39.9590000Z","null","null","testdevice","636937240458569050","2019-05-18T06:58:39.9560000Z","null"
"24.03","71.36","2019-05-18T06:58:41.0766956Z","2","2019-05-18T06:58:40.9620000Z","null","null","testdevice","636937240458569050","2019-05-18T06:58:40.9580000Z","null"
"25.28","71.89","2019-05-18T06:58:42.0947320Z","2","2019-05-18T06:58:41.9780000Z","null","null","testdevice","636937240458569050","2019-05-18T06:58:41.9740000Z","null"
"22.73","79.56","2019-05-18T06:58:43.0112454Z","2","2019-05-18T06:58:42.9780000Z","null","null","testdevice","636937240458569050","2019-05-18T06:58:42.9740000Z","null"
"29.72","75.07","2019-05-18T06:58:44.0262735Z","2","2019-05-18T06:58:43.9780000Z","null","null","testdevice","636937240458569050","2019-05-18T06:58:43.9740000Z","null"
"33.42","67.78","2019-05-18T06:58:45.0433121Z","2","2019-05-18T06:58:44.9780000Z","null","null","testdevice","636937240458569050","2019-05-18T06:58:44.9740000Z","null"
"33.98","75.36","2019-05-18T06:58:46.0603553Z","2","2019-05-18T06:58:45.9790000Z","null","null","testdevice","636937240458569050","2019-05-18T06:58:45.9740000Z","null"
"26.93","67.67","2019-05-18T06:58:47.0793692Z","2","2019-05-18T06:58:46.9810000Z","null","null","testdevice","636937240458569050","2019-05-18T06:58:46.9740000Z","null"
"27.57","77.0","2019-05-18T06:58:48.0954017Z","2","2019-05-18T06:58:47.9810000Z","null","null","testdevice","636937240458569050","2019-05-18T06:58:47.9740000Z","null"
"25.44","72.78","2019-05-18T06:58:49.1125386Z","2","2019-05-18T06:58:48.9810000Z","null","null","testdevice","636937240458569050","2019-05-18T06:58:48.9740000Z","null"
"27.14","63.6","2019-05-18T06:58:50.0285772Z","2","2019-05-18T06:58:49.9810000Z","null","null","testdevice","636937240458569050","2019-05-18T06:58:49.9740000Z","null"
"29.59","61.04","2019-05-18T06:58:51.0445479Z","2","2019-05-18T06:58:50.9970000Z","null","null","testdevice","636937240458569050","2019-05-18T06:58:50.9890000Z","null"
"34.35","74.57","2019-05-18T06:58:52.0618608Z","2","2019-05-18T06:58:51.9820000Z","null","null","testdevice","636937240458569050","2019-05-18T06:58:51.9890000Z","null"
"32.26","60.42","2019-05-18T06:58:53.0829131Z","2","2019-05-18T06:58:52.9980000Z","null","null","testdevice","636937240458569050","2019-05-18T06:58:52.9890000Z","null"
"25.36","61.54","2019-05-18T06:58:54.0983703Z","2","2019-05-18T06:58:53.9980000Z","null","null","testdevice","636937240458569050","2019-05-18T06:58:53.9890000Z","null"
"26.0","69.42","2019-05-18T06:58:55.1153679Z","2","2019-05-18T06:58:54.9980000Z","null","null","testdevice","636937240458569050","2019-05-18T06:58:54.9890000Z","null"
"25.27","68.59","2019-05-18T06:58:56.0328664Z","2","2019-05-18T06:58:55.9980000Z","null","null","testdevice","636937240458569050","2019-05-18T06:58:55.9890000Z","null"
"22.32","71.99","2019-05-18T06:58:57.0527320Z","2","2019-05-18T06:58:56.9980000Z","null","null","testdevice","636937240458569050","2019-05-18T06:58:56.9890000Z","null"
"33.07","60.44","2019-05-18T06:58:58.0741380Z","2","2019-05-18T06:58:57.9980000Z","null","null","testdevice","636937240458569050","2019-05-18T06:58:57.9890000Z","null"
"30.54","63.4","2019-05-18T06:58:59.0912298Z","2","2019-05-18T06:58:58.9990000Z","null","null","testdevice","636937240458569050","2019-05-18T06:58:58.9890000Z","null"
